Request_Number,Connect_Time(s),TLS_Handshake(s),Total_Time(s),Elapsed_Time(s),Status,Success_Count,Bytes_Sent(B),Bytes_Received(B),KEM,Signature,Cert_Size(B)
154,0.022972,0.997301,1.01572,1.4734549522399902,Success,1/500,1282,21302,x25519_mlkem512,dilithium5,14953
145,0.354673,1.530301,1.57298,1.5546534061431885,Success,2/500,1282,21308,x25519_mlkem512,dilithium5,14953
16,0.00586,0.547602,0.562286,0.0009033679962158203,Success,3/500,1282,21308,x25519_mlkem512,dilithium5,14953
328,0.013215,0.577342,0.665242,0.030573129653930664,Success,4/500,1282,21308,x25519_mlkem512,dilithium5,14953
121,0.107896,0.91354,1.23175,1.5718579292297363,Success,5/500,1282,21308,x25519_mlkem512,dilithium5,14953
112,0.378059,1.310228,1.353926,1.5710961818695068,Success,6/500,1282,21308,x25519_mlkem512,dilithium5,14953
345,0.023901,1.233131,1.237954,0.5749382972717285,Success,7/500,1282,21308,x25519_mlkem512,dilithium5,14953
103,0.266754,0.924006,1.051776,1.5744116306304932,Success,8/500,1282,21308,x25519_mlkem512,dilithium5,14953
94,0.116965,1.225412,1.64584,1.561230182647705,Success,9/500,1282,21308,x25519_mlkem512,dilithium5,14953
325,0.008917,0.892592,0.953923,1.4633312225341797,Success,10/500,1282,21308,x25519_mlkem512,dilithium5,14953
316,0.129605,0.937375,1.109604,1.4676704406738281,Success,11/500,1282,21308,x25519_mlkem512,dilithium5,14953
243,0.113985,0.896555,1.058156,0.900287389755249,Success,12/500,1282,21308,x25519_mlkem512,dilithium5,14953
298,0.026439,1.041796,1.23082,1.4669041633605957,Success,13/500,1282,21308,x25519_mlkem512,dilithium5,14953
225,0.025733,0.37539,0.52209,0.2483994960784912,Success,14/500,1282,21302,x25519_mlkem512,dilithium5,14953
280,0.035082,0.809145,1.086792,1.4221415519714355,Success,15/500,1282,21308,x25519_mlkem512,dilithium5,14953
216,0.066049,1.028888,1.080014,1.5256342887878418,Success,16/500,1282,21308,x25519_mlkem512,dilithium5,14953
370,0.068373,0.702661,0.70661,1.9048056602478027,Success,17/500,1282,21302,x25519_mlkem512,dilithium5,14953
207,0.064065,1.399554,1.459176,1.5365724563598633,Success,18/500,1282,21308,x25519_mlkem512,dilithium5,14953
262,0.057294,1.495366,1.543101,1.7909877300262451,Success,19/500,1282,21308,x25519_mlkem512,dilithium5,14953
189,0.83813,2.234534,2.249127,1.8484163284301758,Success,20/500,1282,21302,x25519_mlkem512,dilithium5,14953
180,0.236264,1.441942,1.591633,1.8510479927062988,Success,21/500,1282,21308,x25519_mlkem512,dilithium5,14953
40,0.763608,2.272455,2.540625,1.5916392803192139,Success,22/500,1282,21308,x25519_mlkem512,dilithium5,14953
247,0.008329,0.581035,0.589818,0.0036911964416503906,Success,23/500,1282,21308,x25519_mlkem512,dilithium5,14953
31,0.015189,1.02251,1.219252,1.5853240489959717,Success,24/500,1282,21308,x25519_mlkem512,dilithium5,14953
26,0.003145,0.543578,0.551596,0.04029250144958496,Success,25/500,1282,21308,x25519_mlkem512,dilithium5,14953
162,0.093026,1.005449,1.270731,1.5458049774169922,Success,26/500,1282,21308,x25519_mlkem512,dilithium5,14953
8,0.005709,0.595905,0.647393,0.01689887046813965,Success,27/500,1282,21308,x25519_mlkem512,dilithium5,14953
253,0.005231,0.824515,0.979139,0.9443917274475098,Success,28/500,1282,21302,x25519_mlkem512,dilithium5,14953
144,0.00675,0.610426,0.64604,0.1085200309753418,Success,29/500,1282,21308,x25519_mlkem512,dilithium5,14953
129,0.014245,1.136348,1.225886,1.5695254802703857,Success,30/500,1282,21308,x25519_mlkem512,dilithium5,14953
102,0.076865,0.803221,0.824384,1.5677671432495117,Success,31/500,1282,21302,x25519_mlkem512,dilithium5,14953
93,0.026002,0.848833,1.119866,1.575451135635376,Success,32/500,1282,21308,x25519_mlkem512,dilithium5,14953
13,0.006056,0.582375,0.598523,0.0007467269897460938,Success,33/500,1282,21308,x25519_mlkem512,dilithium5,14953
75,0.005395,0.537654,0.697116,0.07344675064086914,Success,34/500,1282,21308,x25519_mlkem512,dilithium5,14953
66,0.003077,0.608076,0.641099,0.13873052597045898,Success,35/500,1282,21308,x25519_mlkem512,dilithium5,14953
288,0.032012,1.539357,1.602334,1.4745478630065918,Success,36/500,1282,21308,x25519_mlkem512,dilithium5,14953
57,0.584416,1.60856,1.961705,1.5742278099060059,Success,37/500,1282,21308,x25519_mlkem512,dilithium5,14953
224,0.252938,1.414998,1.750877,1.5309686660766602,Success,38/500,1282,21302,x25519_mlkem512,dilithium5,14953
48,0.36364,1.664051,1.71261,1.5864455699920654,Success,39/500,1282,21308,x25519_mlkem512,dilithium5,14953
215,0.287051,1.410052,1.423926,1.5200588703155518,Success,40/500,1282,21308,x25519_mlkem512,dilithium5,14953
25,0.005651,1.021433,1.077829,0.007761240005493164,Success,41/500,1282,21308,x25519_mlkem512,dilithium5,14953
206,0.085974,0.952903,1.107305,1.4420993328094482,Success,42/500,1282,21308,x25519_mlkem512,dilithium5,14953
332,0.006046,0.574019,0.584356,0.013004302978515625,Success,43/500,1282,21308,x25519_mlkem512,dilithium5,14953
197,0.549816,1.676321,1.82442,1.8466463088989258,Success,44/500,1282,21302,x25519_mlkem512,dilithium5,14953
39,0.2219,1.341761,1.385399,1.8883717060089111,Success,45/500,1282,21308,x25519_mlkem512,dilithium5,14953
30,0.102355,1.294683,1.300438,1.6010236740112305,Success,46/500,1282,21308,x25519_mlkem512,dilithium5,14953
161,0.007092,0.62061,0.633385,0.09998965263366699,Success,47/500,1282,21302,x25519_mlkem512,dilithium5,14953
252,0.003804,0.558904,0.674742,0.0029528141021728516,Success,48/500,1282,21308,x25519_mlkem512,dilithium5,14953
152,0.049882,0.591709,0.612651,1.8603971004486084,Success,49/500,1282,21308,x25519_mlkem512,dilithium5,14953
143,0.00471,0.559887,0.602563,0.11311078071594238,Success,50/500,1282,21308,x25519_mlkem512,dilithium5,14953
7,0.003764,0.555139,0.593134,0.0013186931610107422,Success,51/500,1282,21302,x25519_mlkem512,dilithium5,14953
128,0.011231,0.615945,0.670485,0.12097907066345215,Success,52/500,1282,21308,x25519_mlkem512,dilithium5,14953
379,0.00285,0.021719,0.02782,0.464719295501709,Success,53/500,1282,21308,x25519_mlkem512,dilithium5,14953
92,0.417131,1.527942,1.540568,1.571446180343628,Success,54/500,1282,21308,x25519_mlkem512,dilithium5,14953
14,0.004819,0.586788,0.605548,0.0006074905395507812,Success,55/500,1282,21308,x25519_mlkem512,dilithium5,14953
323,0.281128,1.092941,1.493343,1.465855598449707,Success,56/500,1282,21308,x25519_mlkem512,dilithium5,14953
314,0.532208,1.163357,1.167281,1.4597389698028564,Success,57/500,1282,21308,x25519_mlkem512,dilithium5,14953
305,0.037354,0.785083,0.840949,1.4697742462158203,Success,58/500,1282,21308,x25519_mlkem512,dilithium5,14953
296,0.08903,0.880026,0.972915,1.4576797485351562,Success,59/500,1282,21308,x25519_mlkem512,dilithium5,14953
241,0.025789,0.889716,0.896118,1.5292541980743408,Success,60/500,1282,21308,x25519_mlkem512,dilithium5,14953
338,0.037797,1.030132,1.133661,1.299870491027832,Success,61/500,1282,21308,x25519_mlkem512,dilithium5,14953
251,0.004671,0.568614,0.577825,0.0011165142059326172,Success,62/500,1282,21308,x25519_mlkem512,dilithium5,14953
232,0.042655,0.949041,0.958324,1.5245940685272217,Success,63/500,1282,21308,x25519_mlkem512,dilithium5,14953
65,0.006476,0.547367,0.556803,0.07800030708312988,Success,64/500,1282,21308,x25519_mlkem512,dilithium5,14953
214,0.024536,1.098846,1.558342,1.8405208587646484,Success,65/500,1282,21308,x25519_mlkem512,dilithium5,14953
339,0.496378,1.286887,1.529116,1.205944538116455,Success,66/500,1282,21308,x25519_mlkem512,dilithium5,14953
196,0.039225,1.125067,1.327831,1.5394659042358398,Success,67/500,1282,21308,x25519_mlkem512,dilithium5,14953
331,0.006897,0.598839,0.620772,0.011990547180175781,Success,68/500,1282,21308,x25519_mlkem512,dilithium5,14953
269,0.102993,1.322658,1.32826,1.3757314682006836,Success,69/500,1282,21308,x25519_mlkem512,dilithium5,14953
260,0.687092,1.877035,1.886334,1.4749910831451416,Success,70/500,1282,21308,x25519_mlkem512,dilithium5,14953
374,0.039794,0.682486,0.693072,1.8427088260650635,Success,71/500,1282,21308,x25519_mlkem512,dilithium5,14953
187,0.331007,1.042306,1.076893,1.849001169204712,Success,72/500,1282,21308,x25519_mlkem512,dilithium5,14953
17,0.006596,0.535136,0.559762,0.0022058486938476562,Success,73/500,1282,21302,x25519_mlkem512,dilithium5,14953
169,0.283183,1.553593,1.905239,1.5343730449676514,Success,74/500,1282,21308,x25519_mlkem512,dilithium5,14953
6,0.003303,0.589022,1.208369,0.0033996105194091797,Success,75/500,1282,21302,x25519_mlkem512,dilithium5,14953
142,0.034469,0.701691,0.790239,1.554628849029541,Success,76/500,1282,21308,x25519_mlkem512,dilithium5,14953
329,0.012845,0.571225,0.664922,0.02263164520263672,Success,77/500,1282,21302,x25519_mlkem512,dilithium5,14953
22,0.006546,0.55063,0.557853,0.0006120204925537109,Success,78/500,1282,21308,x25519_mlkem512,dilithium5,14953
136,0.003032,0.537861,0.60177,0.05779004096984863,Success,79/500,1282,21308,x25519_mlkem512,dilithium5,14953
127,0.011038,0.56397,0.711279,0.12092304229736328,Success,80/500,1282,21308,x25519_mlkem512,dilithium5,14953
118,0.478584,1.403733,1.424095,1.572408676147461,Success,81/500,1282,21302,x25519_mlkem512,dilithium5,14953
100,0.214819,1.293338,1.335192,0.9387550354003906,Success,82/500,1282,21308,x25519_mlkem512,dilithium5,14953
91,0.328094,1.013002,1.079669,1.5791370868682861,Success,83/500,1282,21302,x25519_mlkem512,dilithium5,14953
322,0.033482,0.728924,0.907845,1.461791753768921,Success,84/500,1282,21302,x25519_mlkem512,dilithium5,14953
313,0.369651,1.060128,1.07585,1.4634807109832764,Success,85/500,1282,21308,x25519_mlkem512,dilithium5,14953
304,0.105293,1.175521,1.225584,1.4642627239227295,Success,86/500,1282,21308,x25519_mlkem512,dilithium5,14953
73,0.414616,1.448497,1.57809,1.5727801322937012,Success,87/500,1282,21302,x25519_mlkem512,dilithium5,14953
28,0.017223,1.203536,1.291895,1.6041290760040283,Success,88/500,1282,21302,x25519_mlkem512,dilithium5,14953
240,0.00274,0.580685,0.588629,0.011088132858276367,Success,89/500,1282,21308,x25519_mlkem512,dilithium5,14953
295,0.271494,1.898859,1.941499,0.8239438533782959,Success,90/500,1282,21308,x25519_mlkem512,dilithium5,14953
55,0.696035,2.212507,2.363194,1.5905773639678955,Success,91/500,1282,21308,x25519_mlkem512,dilithium5,14953
4,0.004142,0.602647,0.610154,0.0013229846954345703,Success,92/500,1282,21308,x25519_mlkem512,dilithium5,14953
277,0.683661,1.386687,1.509297,0.8882143497467041,Success,93/500,1282,21302,x25519_mlkem512,dilithium5,14953
213,0.227001,1.555256,1.614008,1.431570291519165,Success,94/500,1282,21308,x25519_mlkem512,dilithium5,14953
204,0.204844,1.246704,1.316911,1.5402939319610596,Success,95/500,1282,21308,x25519_mlkem512,dilithium5,14953
195,0.602672,2.015356,2.020671,1.4649605751037598,Success,96/500,1282,21308,x25519_mlkem512,dilithium5,14953
250,0.005807,0.566574,0.688881,0.0022177696228027344,Success,97/500,1282,21308,x25519_mlkem512,dilithium5,14953
259,0.114353,1.044246,1.174047,1.4372854232788086,Success,98/500,1282,21308,x25519_mlkem512,dilithium5,14953
358,0.131536,0.991305,1.0063,1.6930630207061768,Success,99/500,1282,21302,x25519_mlkem512,dilithium5,14953
15,0.007327,0.545192,0.577394,0.002742767333984375,Success,100/500,1282,21308,x25519_mlkem512,dilithium5,14953
37,0.331792,1.184283,1.252191,1.5986475944519043,Success,101/500,1282,21308,x25519_mlkem512,dilithium5,14953
21,0.011477,0.591492,0.609165,0.019374370574951172,Success,102/500,1282,21308,x25519_mlkem512,dilithium5,14953
168,0.010813,1.10102,1.145324,1.474013090133667,Success,103/500,1282,21302,x25519_mlkem512,dilithium5,14953
159,0.494034,1.236486,1.249519,1.8431122303009033,Success,104/500,1282,21308,x25519_mlkem512,dilithium5,14953
150,0.020714,1.099003,1.141323,1.45223069190979,Success,105/500,1282,21308,x25519_mlkem512,dilithium5,14953
330,0.006738,0.586971,0.600748,0.022152185440063477,Success,106/500,1282,21308,x25519_mlkem512,dilithium5,14953
141,0.070403,0.73644,0.752889,1.5548276901245117,Success,107/500,1282,21302,x25519_mlkem512,dilithium5,14953
135,0.257045,1.4982,2.080224,0.4386293888092041,Success,108/500,1282,21308,x25519_mlkem512,dilithium5,14953
126,0.122144,0.974996,1.023092,0.9661939144134521,Success,109/500,1282,21302,x25519_mlkem512,dilithium5,14953
367,0.005355,0.6596,0.664133,1.3071660995483398,Success,110/500,1282,21308,x25519_mlkem512,dilithium5,14953
117,0.37539,1.461667,1.496058,1.5588619709014893,Success,111/500,1282,21308,x25519_mlkem512,dilithium5,14953
108,0.080561,0.936445,1.15704,1.5635039806365967,Success,112/500,1282,21308,x25519_mlkem512,dilithium5,14953
99,0.378088,1.59202,1.639183,1.5737245082855225,Success,113/500,1282,21308,x25519_mlkem512,dilithium5,14953
90,0.031656,0.909049,1.359591,1.578622579574585,Success,114/500,1282,21308,x25519_mlkem512,dilithium5,14953
337,0.006203,0.557534,0.565657,0.0017464160919189453,Success,115/500,1282,21308,x25519_mlkem512,dilithium5,14953
321,0.038192,1.169493,1.18798,1.4523673057556152,Success,116/500,1282,21308,x25519_mlkem512,dilithium5,14953
312,0.077223,0.791513,0.843345,1.453242540359497,Success,117/500,1282,21302,x25519_mlkem512,dilithium5,14953
81,0.199559,1.286994,1.414234,1.5766832828521729,Success,118/500,1282,21308,x25519_mlkem512,dilithium5,14953
72,0.008504,0.597274,0.602896,0.07442545890808105,Success,119/500,1282,21302,x25519_mlkem512,dilithium5,14953
239,0.02487,0.810098,0.832554,0.9262139797210693,Success,120/500,1282,21308,x25519_mlkem512,dilithium5,14953
294,0.123092,2.001837,2.04459,1.4726011753082275,Success,121/500,1282,21308,x25519_mlkem512,dilithium5,14953
63,0.011311,0.712691,0.854515,0.07834863662719727,Success,122/500,1282,21302,x25519_mlkem512,dilithium5,14953
221,0.190301,1.168048,1.51785,1.5240302085876465,Success,123/500,1282,21308,x25519_mlkem512,dilithium5,14953
54,0.131399,1.047586,1.115395,0.3406860828399658,Success,124/500,1282,21308,x25519_mlkem512,dilithium5,14953
45,0.007246,0.035828,0.044887,0.16747069358825684,Success,125/500,1282,21308,x25519_mlkem512,dilithium5,14953
285,0.10782,1.300636,1.359348,1.371851921081543,Success,126/500,1282,21302,x25519_mlkem512,dilithium5,14953
212,0.012508,0.72391,0.800017,1.4322421550750732,Success,127/500,1282,21308,x25519_mlkem512,dilithium5,14953
267,0.140054,0.732945,0.758339,1.4756524562835693,Success,128/500,1282,21308,x25519_mlkem512,dilithium5,14953
194,0.07753,0.899997,1.256282,1.8435940742492676,Success,129/500,1282,21308,x25519_mlkem512,dilithium5,14953
185,0.287599,0.702752,0.71112,1.4384832382202148,Success,130/500,1282,21302,x25519_mlkem512,dilithium5,14953
176,0.111334,1.247192,1.278435,1.4416768550872803,Success,131/500,1282,21308,x25519_mlkem512,dilithium5,14953
336,0.019111,1.242133,1.390674,0.003683805465698242,Success,132/500,1282,21308,x25519_mlkem512,dilithium5,14953
20,0.005872,0.554802,0.562711,0.002458810806274414,Success,133/500,1282,21302,x25519_mlkem512,dilithium5,14953
158,0.535055,1.552784,1.633056,1.843404769897461,Success,134/500,1282,21308,x25519_mlkem512,dilithium5,14953
140,0.281345,0.969601,1.038913,1.5613324642181396,Success,135/500,1282,21302,x25519_mlkem512,dilithium5,14953
130,0.003442,0.539326,0.556752,0.004239082336425781,Success,136/500,1282,21308,x25519_mlkem512,dilithium5,14953
149,0.520048,1.07771,1.322806,1.55078125,Success,137/500,1282,21308,x25519_mlkem512,dilithium5,14953
12,0.005997,0.542977,0.588595,0.01374673843383789,Success,138/500,1282,21308,x25519_mlkem512,dilithium5,14953
343,0.035353,1.107013,1.172377,0.5682086944580078,Success,139/500,1282,21308,x25519_mlkem512,dilithium5,14953
249,0.203015,1.091467,1.189411,0.8695800304412842,Success,140/500,1282,21308,x25519_mlkem512,dilithium5,14953
5,0.005678,0.593132,0.606872,0.0009210109710693359,Success,141/500,1282,21308,x25519_mlkem512,dilithium5,14953
134,0.089289,1.035382,1.083612,1.5597074031829834,Success,142/500,1282,21302,x25519_mlkem512,dilithium5,14953
125,0.003154,0.765893,0.922001,0.32014012336730957,Success,143/500,1282,21308,x25519_mlkem512,dilithium5,14953
18,0.006561,0.566961,0.576706,0.0023889541625976562,Success,144/500,1282,21308,x25519_mlkem512,dilithium5,14953
116,0.086893,1.271864,1.393003,1.559014081954956,Success,145/500,1282,21308,x25519_mlkem512,dilithium5,14953
348,0.363742,1.210299,1.214953,0.263322114944458,Success,146/500,1282,21308,x25519_mlkem512,dilithium5,14953
107,0.060459,0.776196,0.979545,1.575049638748169,Success,147/500,1282,21308,x25519_mlkem512,dilithium5,14953
27,0.012108,0.738931,1.092524,1.5972647666931152,Success,148/500,1282,21302,x25519_mlkem512,dilithium5,14953
98,0.17047,1.074856,1.212082,1.5602836608886719,Success,149/500,1282,21308,x25519_mlkem512,dilithium5,14953
89,0.490624,1.213724,1.244124,1.8829033374786377,Success,150/500,1282,21308,x25519_mlkem512,dilithium5,14953
320,0.124499,1.151718,1.250734,1.469635009765625,Success,151/500,1282,21308,x25519_mlkem512,dilithium5,14953
311,0.018743,0.883003,0.944251,1.4546244144439697,Success,152/500,1282,21308,x25519_mlkem512,dilithium5,14953
71,0.218767,1.101644,1.268927,0.9540033340454102,Success,153/500,1282,21302,x25519_mlkem512,dilithium5,14953
293,0.024424,1.173505,1.196341,1.4609742164611816,Success,154/500,1282,21302,x25519_mlkem512,dilithium5,14953
238,0.128616,1.860821,2.015688,0.41228294372558594,Success,155/500,1282,21302,x25519_mlkem512,dilithium5,14953
229,0.13,1.718593,1.805853,1.531912088394165,Success,156/500,1282,21308,x25519_mlkem512,dilithium5,14953
10,0.004482,0.600889,0.634486,0.020702362060546875,Success,157/500,1282,21308,x25519_mlkem512,dilithium5,14953
341,0.084837,1.121853,1.136772,1.1369130611419678,Success,158/500,1282,21302,x25519_mlkem512,dilithium5,14953
53,0.699111,1.791495,1.79559,1.5397529602050781,Success,159/500,1282,21302,x25519_mlkem512,dilithium5,14953
266,0.288805,1.006432,1.04593,1.4852333068847656,Success,160/500,1282,21308,x25519_mlkem512,dilithium5,14953
193,0.039151,1.25409,1.266363,1.8289432525634766,Success,161/500,1282,21308,x25519_mlkem512,dilithium5,14953
257,0.004607,0.629779,0.640304,0.04872250556945801,Success,162/500,1282,21308,x25519_mlkem512,dilithium5,14953
175,0.118952,1.164297,1.822752,1.836728572845459,Success,163/500,1282,21308,x25519_mlkem512,dilithium5,14953
166,0.019342,0.777191,0.858331,0.2592148780822754,Success,164/500,1282,21308,x25519_mlkem512,dilithium5,14953
248,0.005093,0.560338,0.567961,0.0074155330657958984,Success,165/500,1282,21308,x25519_mlkem512,dilithium5,14953
352,0.710887,1.243569,1.24887,0.22006630897521973,Success,166/500,1282,21308,x25519_mlkem512,dilithium5,14953
133,0.330084,1.255567,1.569837,1.5653157234191895,Success,167/500,1282,21308,x25519_mlkem512,dilithium5,14953
124,0.051853,1.102617,1.113005,1.5535356998443604,Success,168/500,1282,21302,x25519_mlkem512,dilithium5,14953
115,0.007419,1.198812,1.414684,1.5697760581970215,Success,169/500,1282,21308,x25519_mlkem512,dilithium5,14953
106,0.070833,0.851956,1.094294,1.5729575157165527,Success,170/500,1282,21302,x25519_mlkem512,dilithium5,14953
139,0.106431,1.862416,1.881973,1.5570847988128662,Success,171/500,1282,21302,x25519_mlkem512,dilithium5,14953
19,0.006089,0.545591,0.559076,0.0030808448791503906,Success,172/500,1282,21302,x25519_mlkem512,dilithium5,14953
319,0.044271,0.932722,0.954428,1.4551684856414795,Success,173/500,1282,21308,x25519_mlkem512,dilithium5,14953
246,0.529521,1.103031,1.13305,0.9721176624298096,Success,174/500,1282,21302,x25519_mlkem512,dilithium5,14953
351,0.004485,0.624964,0.691337,1.2698259353637695,Success,175/500,1282,21308,x25519_mlkem512,dilithium5,14953
79,0.050597,1.140852,1.527955,1.4816040992736816,Success,176/500,1282,21308,x25519_mlkem512,dilithium5,14953
301,0.473803,1.361077,1.378594,1.4629590511322021,Success,177/500,1282,21302,x25519_mlkem512,dilithium5,14953
237,0.147014,1.282715,1.770284,1.530277967453003,Success,178/500,1282,21308,x25519_mlkem512,dilithium5,14953
228,0.092446,1.278649,1.557036,1.5228657722473145,Success,179/500,1282,21308,x25519_mlkem512,dilithium5,14953
61,0.051494,1.310873,1.632254,1.488518238067627,Success,180/500,1282,21308,x25519_mlkem512,dilithium5,14953
3,0.003872,0.54615,0.613848,0.0007677078247070312,Success,181/500,1282,21302,x25519_mlkem512,dilithium5,14953
274,0.138408,0.93751,1.324411,0.8382358551025391,Success,182/500,1282,21308,x25519_mlkem512,dilithium5,14953
201,0.167819,1.669863,1.734019,1.5237975120544434,Success,183/500,1282,21302,x25519_mlkem512,dilithium5,14953
265,0.036339,0.837507,0.94892,1.4800455570220947,Success,184/500,1282,21308,x25519_mlkem512,dilithium5,14953
43,0.217892,1.446547,1.820461,1.8869364261627197,Success,185/500,1282,21308,x25519_mlkem512,dilithium5,14953
24,0.004177,0.586504,0.722906,0.0019686222076416016,Success,186/500,1282,21308,x25519_mlkem512,dilithium5,14953
34,0.01412,1.382779,1.509923,1.600003719329834,Success,187/500,1282,21308,x25519_mlkem512,dilithium5,14953
347,0.010054,0.57239,0.589667,26.083741664886475,Success,188/500,1282,21308,x25519_mlkem512,dilithium5,14953
165,0.01288,0.551106,0.60448,0.1034853458404541,Success,189/500,1282,21308,x25519_mlkem512,dilithium5,14953
156,0.043323,0.877752,1.047991,1.5480360984802246,Success,190/500,1282,21308,x25519_mlkem512,dilithium5,14953
369,0.018073,0.673733,0.679577,1.2917375564575195,Success,191/500,1282,21308,x25519_mlkem512,dilithium5,14953
147,0.378684,1.160289,1.288926,1.5038676261901855,Success,192/500,1282,21308,x25519_mlkem512,dilithium5,14953
334,0.00557,0.566289,0.575071,0.006252765655517578,Success,193/500,1282,21308,x25519_mlkem512,dilithium5,14953
132,0.285292,1.551254,1.684996,1.5686755180358887,Success,194/500,1282,21302,x25519_mlkem512,dilithium5,14953
123,0.117478,1.956124,1.965586,1.5541894435882568,Success,195/500,1282,21302,x25519_mlkem512,dilithium5,14953
114,0.370363,1.510199,1.536256,1.5727744102478027,Success,196/500,1282,21308,x25519_mlkem512,dilithium5,14953
105,0.059732,1.190325,1.272413,1.5747880935668945,Success,197/500,1282,21308,x25519_mlkem512,dilithium5,14953
11,0.004462,0.906261,1.104805,0.01500558853149414,Success,198/500,1282,21308,x25519_mlkem512,dilithium5,14953
327,0.057745,0.781117,0.826868,1.3627970218658447,Success,199/500,1282,21308,x25519_mlkem512,dilithium5,14953
96,0.004838,0.537715,0.559164,0.1314852237701416,Success,200/500,1282,21308,x25519_mlkem512,dilithium5,14953
87,0.083383,0.908364,1.096953,1.572727918624878,Success,201/500,1282,21308,x25519_mlkem512,dilithium5,14953
318,0.010572,1.534463,1.622687,1.4532110691070557,Success,202/500,1282,21308,x25519_mlkem512,dilithium5,14953
245,0.003396,0.625523,0.639726,0.06953144073486328,Success,203/500,1282,21308,x25519_mlkem512,dilithium5,14953
309,0.021292,1.048185,1.069911,1.471479892730713,Success,204/500,1282,21302,x25519_mlkem512,dilithium5,14953
69,0.015957,0.888698,0.949009,1.5296399593353271,Success,205/500,1282,21308,x25519_mlkem512,dilithium5,14953
300,0.294039,0.981012,1.050867,1.4569311141967773,Success,206/500,1282,21302,x25519_mlkem512,dilithium5,14953
236,0.103983,1.48751,1.821171,0.2796180248260498,Success,207/500,1282,21302,x25519_mlkem512,dilithium5,14953
227,0.250066,1.157862,1.2499,1.0863077640533447,Success,208/500,1282,21308,x25519_mlkem512,dilithium5,14953
60,0.016612,1.340339,1.558545,2.8910062313079834,Success,209/500,1282,21302,x25519_mlkem512,dilithium5,14953
282,0.051224,0.817177,1.125684,1.3946361541748047,Success,210/500,1282,21308,x25519_mlkem512,dilithium5,14953
218,0.005324,0.781536,0.843994,1.5312910079956055,Success,211/500,1282,21308,x25519_mlkem512,dilithium5,14953
209,0.420852,1.641149,1.64519,1.5280115604400635,Success,212/500,1282,21308,x25519_mlkem512,dilithium5,14953
200,0.08751,1.349403,1.692568,0.41090941429138184,Success,213/500,1282,21308,x25519_mlkem512,dilithium5,14953
264,0.129009,1.694358,1.760887,1.4845607280731201,Success,214/500,1282,21308,x25519_mlkem512,dilithium5,14953
9,0.009955,0.580125,0.586346,0.020902156829833984,Success,215/500,1282,21308,x25519_mlkem512,dilithium5,14953
164,0.176384,2.128361,2.202461,1.5507116317749023,Success,216/500,1282,21308,x25519_mlkem512,dilithium5,14953
155,0.082301,1.026583,1.435395,1.5387885570526123,Success,217/500,1282,21308,x25519_mlkem512,dilithium5,14953
146,0.536874,1.915806,2.195528,1.4603488445281982,Success,218/500,1282,21308,x25519_mlkem512,dilithium5,14953
138,0.003271,0.586893,0.595327,0.047048091888427734,Success,219/500,1282,21308,x25519_mlkem512,dilithium5,14953
23,0.005653,0.5532,0.57604,0.001477956771850586,Success,220/500,1282,21308,x25519_mlkem512,dilithium5,14953
131,0.022527,0.599706,0.718919,0.05891895294189453,Success,221/500,1282,21308,x25519_mlkem512,dilithium5,14953
122,0.092222,1.235395,1.245762,1.5711760520935059,Success,222/500,1282,21308,x25519_mlkem512,dilithium5,14953
1,0.012061,0.622071,0.68476,0.0018754005432128906,Success,223/500,1282,21308,x25519_mlkem512,dilithium5,14953
2,0.004327,0.548458,0.555162,0.0014240741729736328,Success,224/500,1282,21308,x25519_mlkem512,dilithium5,14953
113,0.073832,1.129698,1.148648,1.5590250492095947,Success,225/500,1282,21308,x25519_mlkem512,dilithium5,14953
104,0.12291,1.632545,1.686498,1.5637705326080322,Success,226/500,1282,21302,x25519_mlkem512,dilithium5,14953
335,0.006547,0.576395,0.600709,0.0041997432708740234,Success,227/500,1282,21308,x25519_mlkem512,dilithium5,14953
326,0.098342,1.516452,1.692013,1.458451747894287,Success,228/500,1282,21308,x25519_mlkem512,dilithium5,14953
317,0.097771,1.710021,1.729758,1.4522373676300049,Success,229/500,1282,21308,x25519_mlkem512,dilithium5,14953
308,0.0708,0.900308,0.954441,0.8683412075042725,Success,230/500,1282,21308,x25519_mlkem512,dilithium5,14953
244,0.011662,0.059411,0.064931,0.07940030097961426,Success,231/500,1282,21308,x25519_mlkem512,dilithium5,14953
299,0.128891,1.025807,1.500863,1.4738554954528809,Success,232/500,1282,21302,x25519_mlkem512,dilithium5,14953
68,0.206597,1.150033,1.540538,1.8877787590026855,Success,233/500,1282,21308,x25519_mlkem512,dilithium5,14953
290,0.088484,0.985673,1.000922,1.4664080142974854,Success,234/500,1282,21302,x25519_mlkem512,dilithium5,14953
235,0.349194,1.937703,2.080074,1.5275802612304688,Success,235/500,1282,21308,x25519_mlkem512,dilithium5,14953
226,0.231657,1.080271,1.410969,1.5162405967712402,Success,236/500,1282,21302,x25519_mlkem512,dilithium5,14953
281,0.076465,1.524932,1.559061,1.4784972667694092,Success,237/500,1282,21308,x25519_mlkem512,dilithium5,14953
272,0.109726,0.952154,1.096938,1.7818868160247803,Success,238/500,1282,21308,x25519_mlkem512,dilithium5,14953
333,0.008774,0.571316,0.661103,0.0016567707061767578,Success,239/500,1282,21308,x25519_mlkem512,dilithium5,14953
199,0.45302,1.518868,1.844608,1.5330076217651367,Success,240/500,1282,21308,x25519_mlkem512,dilithium5,14953
263,0.028675,1.368799,1.422156,1.4803276062011719,Success,241/500,1282,21308,x25519_mlkem512,dilithium5,14953
190,0.340141,1.375333,1.402029,1.8482069969177246,Success,242/500,1282,21308,x25519_mlkem512,dilithium5,14953
181,0.484741,1.659915,1.772242,1.8473730087280273,Success,243/500,1282,21308,x25519_mlkem512,dilithium5,14953
32,0.007427,0.635026,0.655343,0.15332460403442383,Success,244/500,1282,21302,x25519_mlkem512,dilithium5,14953
163,0.007553,0.586718,0.615723,0.3035085201263428,Success,245/500,1282,21308,x25519_mlkem512,dilithium5,14953
271,0.063868,1.456883,1.556723,1.7837309837341309,Success,246/500,1282,21308,x25519_mlkem512,dilithium5,14953
275,0.193203,0.879948,0.933501,1.372884750366211,Success,247/500,1282,21308,x25519_mlkem512,dilithium5,14953
211,0.304496,1.075619,1.168516,1.436068058013916,Success,248/500,1282,21308,x25519_mlkem512,dilithium5,14953
284,0.058463,1.25071,1.355715,1.3776144981384277,Success,249/500,1282,21308,x25519_mlkem512,dilithium5,14953
292,0.250196,1.276208,1.372742,1.458775520324707,Success,250/500,1282,21308,x25519_mlkem512,dilithium5,14953
205,0.053391,0.775257,1.591798,1.5289671421051025,Success,251/500,1282,21308,x25519_mlkem512,dilithium5,14953
202,0.128605,1.537722,1.545352,1.8455135822296143,Success,252/500,1282,21308,x25519_mlkem512,dilithium5,14953
258,0.078689,0.803064,0.831436,1.4898426532745361,Success,253/500,1282,21302,x25519_mlkem512,dilithium5,14953
101,0.030487,0.652026,1.231665,1.57611083984375,Success,254/500,1282,21302,x25519_mlkem512,dilithium5,14953
198,0.297023,1.726787,1.768495,1.8503053188323975,Success,255/500,1282,21308,x25519_mlkem512,dilithium5,14953
188,0.401486,1.613461,1.628949,1.829967975616455,Success,256/500,1282,21308,x25519_mlkem512,dilithium5,14953
223,0.087475,1.304624,1.330172,1.5320744514465332,Success,257/500,1282,21308,x25519_mlkem512,dilithium5,14953
255,0.376061,1.381243,1.489604,1.499328851699829,Success,258/500,1282,21302,x25519_mlkem512,dilithium5,14953
95,0.373397,1.635475,1.65624,1.5660638809204102,Success,259/500,1282,21308,x25519_mlkem512,dilithium5,14953
47,0.062085,1.157598,1.205572,1.5856854915618896,Success,260/500,1282,21308,x25519_mlkem512,dilithium5,14953
242,0.353054,1.387086,1.460088,1.5218255519866943,Success,261/500,1282,21308,x25519_mlkem512,dilithium5,14953
278,0.478695,1.253965,1.274551,1.4021282196044922,Success,262/500,1282,21308,x25519_mlkem512,dilithium5,14953
233,0.140936,0.858575,1.259827,1.5286426544189453,Success,263/500,1282,21308,x25519_mlkem512,dilithium5,14953
203,0.131523,1.497091,1.536066,1.531214714050293,Success,264/500,1282,21308,x25519_mlkem512,dilithium5,14953
270,0.33745,1.062187,1.092814,1.7860686779022217,Success,265/500,1282,21308,x25519_mlkem512,dilithium5,14953
208,0.100335,1.262133,1.336936,1.4830420017242432,Success,266/500,1282,21302,x25519_mlkem512,dilithium5,14953
42,0.062447,0.968828,1.104489,1.9081480503082275,Success,267/500,1282,21308,x25519_mlkem512,dilithium5,14953
291,0.017905,0.880946,1.115533,1.4594290256500244,Success,268/500,1282,21308,x25519_mlkem512,dilithium5,14953
383,0.003766,0.544096,0.548849,0.19261384010314941,Success,269/500,1282,21308,x25519_mlkem512,dilithium5,14953
59,0.068546,1.197869,1.279841,1.482985258102417,Success,270/500,1282,21308,x25519_mlkem512,dilithium5,14953
368,0.01244,0.627356,0.657768,0.7274763584136963,Success,271/500,1282,21308,x25519_mlkem512,dilithium5,14953
342,0.037563,1.593685,1.597855,27.16874647140503,Success,272/500,1282,21302,x25519_mlkem512,dilithium5,14953
160,0.090787,1.19319,1.24372,1.5518691539764404,Success,273/500,1282,21302,x25519_mlkem512,dilithium5,14953
170,0.231196,1.243671,1.260724,1.549083948135376,Success,274/500,1282,21308,x25519_mlkem512,dilithium5,14953
276,0.022877,1.517706,1.561054,1.7828152179718018,Success,275/500,1282,21302,x25519_mlkem512,dilithium5,14953
191,0.196036,1.811501,1.822856,1.5435264110565186,Success,276/500,1282,21308,x25519_mlkem512,dilithium5,14953
110,0.222903,1.53876,1.554785,1.5562198162078857,Success,277/500,1282,21302,x25519_mlkem512,dilithium5,14953
261,0.186796,1.403468,1.41788,1.4885280132293701,Success,278/500,1282,21308,x25519_mlkem512,dilithium5,14953
148,0.035488,1.573409,1.699642,1.5600290298461914,Success,279/500,1282,21302,x25519_mlkem512,dilithium5,14953
220,0.046612,0.706129,0.747791,1.4306628704071045,Success,280/500,1282,21308,x25519_mlkem512,dilithium5,14953
38,0.067159,0.873428,0.889931,1.903956651687622,Success,281/500,1282,21302,x25519_mlkem512,dilithium5,14953
183,0.531179,1.183338,1.208961,1.848482370376587,Success,282/500,1282,21302,x25519_mlkem512,dilithium5,14953
273,0.271811,1.964013,1.975013,1.4718191623687744,Success,283/500,1282,21302,x25519_mlkem512,dilithium5,14953
353,0.027052,0.66483,0.668229,2.3117847442626953,Success,284/500,1282,21308,x25519_mlkem512,dilithium5,14953
286,0.19995,1.327798,1.364957,1.7803609371185303,Success,285/500,1282,21308,x25519_mlkem512,dilithium5,14953
111,0.036282,1.262596,1.309933,1.5568366050720215,Success,286/500,1282,21302,x25519_mlkem512,dilithium5,14953
377,0.003552,0.540369,0.545378,1.0631253719329834,Success,287/500,1282,21308,x25519_mlkem512,dilithium5,14953
109,0.404819,1.7438,2.198653,1.5577430725097656,Success,288/500,1282,21308,x25519_mlkem512,dilithium5,14953
346,0.004788,0.621038,0.635826,1.0779175758361816,Success,289/500,1282,21302,x25519_mlkem512,dilithium5,14953
153,0.09244,1.028762,1.034918,1.4516308307647705,Success,290/500,1282,21308,x25519_mlkem512,dilithium5,14953
217,0.039647,1.126562,1.196038,1.5267412662506104,Success,291/500,1282,21302,x25519_mlkem512,dilithium5,14953
41,0.458181,1.764217,1.839894,1.5892295837402344,Success,292/500,1282,21308,x25519_mlkem512,dilithium5,14953
375,0.035471,0.687741,0.692593,0.9031202793121338,Success,293/500,1282,21302,x25519_mlkem512,dilithium5,14953
179,0.445041,1.841005,1.845007,1.446366310119629,Success,294/500,1282,21308,x25519_mlkem512,dilithium5,14953
354,0.028492,0.689543,0.69654,0.21328973770141602,Success,295/500,1282,21308,x25519_mlkem512,dilithium5,14953
76,0.134803,1.639469,1.739175,1.5824766159057617,Success,296/500,1282,21308,x25519_mlkem512,dilithium5,14953
58,0.408177,1.829435,1.889942,1.5355150699615479,Success,297/500,1282,21308,x25519_mlkem512,dilithium5,14953
171,0.359158,2.103095,2.14556,1.5391418933868408,Success,298/500,1282,21308,x25519_mlkem512,dilithium5,14953
359,0.137681,0.671105,0.674702,1.0264968872070312,Success,299/500,1282,21302,x25519_mlkem512,dilithium5,14953
380,0.013701,0.539691,0.544162,1.0606839656829834,Success,300/500,1282,21308,x25519_mlkem512,dilithium5,14953
157,0.069443,1.120103,1.24297,1.455660104751587,Success,301/500,1282,21308,x25519_mlkem512,dilithium5,14953
167,0.053462,0.81732,0.821372,1.5486500263214111,Success,302/500,1282,21308,x25519_mlkem512,dilithium5,14953
52,0.133489,1.482168,1.540204,1.575657606124878,Success,303/500,1282,21308,x25519_mlkem512,dilithium5,14953
364,0.107807,0.665062,0.680521,1.0600790977478027,Success,304/500,1282,21308,x25519_mlkem512,dilithium5,14953
289,0.183184,1.170358,1.370671,1.4618167877197266,Success,305/500,1282,21308,x25519_mlkem512,dilithium5,14953
366,0.058281,0.591729,0.599465,1.3138949871063232,Success,306/500,1282,21308,x25519_mlkem512,dilithium5,14953
33,0.295726,1.71583,1.792629,1.599954605102539,Success,307/500,1282,21308,x25519_mlkem512,dilithium5,14953
174,0.370082,1.633076,1.658627,1.5466582775115967,Success,308/500,1282,21302,x25519_mlkem512,dilithium5,14953
391,0.003412,0.54862,0.567418,0.5865621566772461,Success,309/500,1282,21308,x25519_mlkem512,dilithium5,14953
222,0.014803,0.783495,0.808861,1.4575960636138916,Success,310/500,1282,21302,x25519_mlkem512,dilithium5,14953
51,0.478467,1.142494,1.226304,1.5761427879333496,Success,311/500,1282,21308,x25519_mlkem512,dilithium5,14953
363,0.089348,0.69665,0.705311,1.1490564346313477,Success,312/500,1282,21308,x25519_mlkem512,dilithium5,14953
315,0.102645,1.279926,1.367122,1.467909812927246,Success,313/500,1282,21308,x25519_mlkem512,dilithium5,14953
137,0.11911,0.95507,1.014146,1.5599784851074219,Success,314/500,1282,21308,x25519_mlkem512,dilithium5,14953
306,0.009487,0.973074,1.716091,0.830441951751709,Success,315/500,1282,21302,x25519_mlkem512,dilithium5,14953
376,0.006706,0.551496,0.556407,0.9460244178771973,Success,316/500,1282,21302,x25519_mlkem512,dilithium5,14953
74,0.108293,1.271011,1.410405,1.4856746196746826,Success,317/500,1282,21302,x25519_mlkem512,dilithium5,14953
350,0.321955,1.373445,1.380948,0.5745029449462891,Success,318/500,1282,21308,x25519_mlkem512,dilithium5,14953
303,0.496641,1.418532,1.434698,1.4647362232208252,Success,319/500,1282,21308,x25519_mlkem512,dilithium5,14953
184,0.245303,1.231749,1.328876,1.0860552787780762,Success,320/500,1282,21308,x25519_mlkem512,dilithium5,14953
256,0.09184,1.868505,1.931928,1.4833176136016846,Success,321/500,1282,21308,x25519_mlkem512,dilithium5,14953
360,0.115256,0.725344,0.736239,1.852452039718628,Success,322/500,1282,21308,x25519_mlkem512,dilithium5,14953
97,0.072897,1.258645,1.346444,1.5772171020507812,Success,323/500,1282,21308,x25519_mlkem512,dilithium5,14953
84,0.013761,1.244064,1.267133,1.575960636138916,Success,324/500,1282,21308,x25519_mlkem512,dilithium5,14953
80,0.215951,1.287166,1.307694,1.5706665515899658,Success,325/500,1282,21308,x25519_mlkem512,dilithium5,14953
324,0.186236,1.694302,1.706339,1.4516119956970215,Success,326/500,1282,21308,x25519_mlkem512,dilithium5,14953
78,0.006267,1.303326,1.385406,1.8704819679260254,Success,327/500,1282,21308,x25519_mlkem512,dilithium5,14953
254,0.305336,1.018829,1.056779,1.4838192462921143,Success,328/500,1282,21302,x25519_mlkem512,dilithium5,14953
302,0.324449,1.520369,1.526441,1.4663777351379395,Success,329/500,1282,21308,x25519_mlkem512,dilithium5,14953
77,0.099806,1.322332,1.396477,1.870514154434204,Success,330/500,1282,21302,x25519_mlkem512,dilithium5,14953
186,0.047964,0.756832,0.860491,1.4606010913848877,Success,331/500,1282,21302,x25519_mlkem512,dilithium5,14953
36,0.022155,0.691668,0.70655,1.5033409595489502,Success,332/500,1282,21308,x25519_mlkem512,dilithium5,14953
35,1.236726,2.040713,2.048937,1.9068586826324463,Success,333/500,1282,21302,x25519_mlkem512,dilithium5,14953
50,0.372983,1.493174,1.639206,1.5933372974395752,Success,334/500,1282,21308,x25519_mlkem512,dilithium5,14953
85,0.096835,1.10675,1.238145,1.5694494247436523,Success,335/500,1282,21308,x25519_mlkem512,dilithium5,14953
49,0.225131,1.932095,2.088084,1.578791856765747,Success,336/500,1282,21302,x25519_mlkem512,dilithium5,14953
120,0.243584,1.918806,1.922996,1.5635919570922852,Success,337/500,1282,21308,x25519_mlkem512,dilithium5,14953
371,0.077535,0.671321,0.675995,1.7714009284973145,Success,338/500,1282,21308,x25519_mlkem512,dilithium5,14953
178,0.072734,1.335806,1.348996,1.5370831489562988,Success,339/500,1282,21302,x25519_mlkem512,dilithium5,14953
362,0.12169,0.688537,0.71436,1.3379874229431152,Success,340/500,1282,21308,x25519_mlkem512,dilithium5,14953
356,0.539661,1.40015,1.405162,0.57192063331604,Success,341/500,1282,21308,x25519_mlkem512,dilithium5,14953
307,0.180244,1.306625,1.330939,1.4637222290039062,Success,342/500,1282,21308,x25519_mlkem512,dilithium5,14953
279,0.015978,1.048554,1.213456,1.3763761520385742,Success,343/500,1282,21302,x25519_mlkem512,dilithium5,14953
361,0.059288,0.68318,0.688965,1.4578368663787842,Success,344/500,1282,21308,x25519_mlkem512,dilithium5,14953
172,0.024823,0.859035,0.866813,1.8523359298706055,Success,345/500,1282,21308,x25519_mlkem512,dilithium5,14953
355,0.599246,1.148434,1.157211,2.4506518840789795,Success,346/500,1282,21308,x25519_mlkem512,dilithium5,14953
82,0.027555,0.854532,0.907837,1.570368766784668,Success,347/500,1282,21308,x25519_mlkem512,dilithium5,14953
62,0.027041,0.978207,1.007768,1.4882822036743164,Success,348/500,1282,21302,x25519_mlkem512,dilithium5,14953
219,0.288815,0.921064,1.12866,1.4297106266021729,Success,349/500,1282,21308,x25519_mlkem512,dilithium5,14953
67,0.034127,1.647282,1.710685,1.5858500003814697,Success,350/500,1282,21308,x25519_mlkem512,dilithium5,14953
231,0.382838,1.733712,1.780496,1.5290813446044922,Success,351/500,1282,21308,x25519_mlkem512,dilithium5,14953
349,0.010208,0.572318,0.59055,1.4530587196350098,Success,352/500,1282,21302,x25519_mlkem512,dilithium5,14953
86,0.848901,1.638418,1.650121,1.5766723155975342,Success,353/500,1282,21308,x25519_mlkem512,dilithium5,14953
119,0.197668,1.306071,1.336436,1.5651402473449707,Success,354/500,1282,21308,x25519_mlkem512,dilithium5,14953
192,0.363601,1.792522,1.797218,1.8457868099212646,Success,355/500,1282,21302,x25519_mlkem512,dilithium5,14953
378,0.036503,0.650989,0.655643,0.7343323230743408,Success,356/500,1282,21308,x25519_mlkem512,dilithium5,14953
88,0.483129,1.420502,1.427761,1.8843367099761963,Success,357/500,1282,21302,x25519_mlkem512,dilithium5,14953
177,0.182305,1.298206,1.458686,1.8526811599731445,Success,358/500,1282,21308,x25519_mlkem512,dilithium5,14953
297,0.2321,1.624664,1.632982,1.4573023319244385,Success,359/500,1282,21302,x25519_mlkem512,dilithium5,14953
64,0.067774,1.781979,1.836674,1.5859017372131348,Success,360/500,1282,21308,x25519_mlkem512,dilithium5,14953
182,0.024682,1.518653,1.522094,1.439791202545166,Success,361/500,1282,21308,x25519_mlkem512,dilithium5,14953
268,0.110915,0.800333,1.033014,1.4254729747772217,Success,362/500,1282,21308,x25519_mlkem512,dilithium5,14953
210,0.112785,1.229268,1.39655,1.8421096801757812,Success,363/500,1282,21308,x25519_mlkem512,dilithium5,14953
70,0.378416,1.391419,1.435468,1.5707104206085205,Success,364/500,1282,21308,x25519_mlkem512,dilithium5,14953
46,0.977006,1.670721,1.678666,1.4930751323699951,Success,365/500,1282,21308,x25519_mlkem512,dilithium5,14953
83,0.01196,1.022906,1.065521,1.8688788414001465,Success,366/500,1282,21308,x25519_mlkem512,dilithium5,14953
310,0.309476,1.452214,1.50665,1.469017744064331,Success,367/500,1282,21302,x25519_mlkem512,dilithium5,14953
29,0.584579,1.583776,1.625579,1.6039156913757324,Success,368/500,1282,21302,x25519_mlkem512,dilithium5,14953
283,0.312963,1.347511,1.357848,3.732210636138916,Success,369/500,1282,21308,x25519_mlkem512,dilithium5,14953
372,0.007683,0.587996,0.592434,1.5462381839752197,Success,370/500,1282,21308,x25519_mlkem512,dilithium5,14953
344,0.230776,0.967439,0.97125,2.0212912559509277,Success,371/500,1282,21302,x25519_mlkem512,dilithium5,14953
173,0.482434,1.398352,1.46154,1.8373041152954102,Success,372/500,1282,21302,x25519_mlkem512,dilithium5,14953
365,0.005729,0.654371,0.661236,0.8059859275817871,Success,373/500,1282,21308,x25519_mlkem512,dilithium5,14953
385,0.003505,0.537842,0.543768,0.697474479675293,Success,374/500,1282,21302,x25519_mlkem512,dilithium5,14953
382,0.003575,0.535333,0.539339,1.5830607414245605,Success,375/500,1282,21308,x25519_mlkem512,dilithium5,14953
381,0.010756,0.609765,0.615981,1.9411118030548096,Success,376/500,1282,21308,x25519_mlkem512,dilithium5,14953
387,0.005347,0.539471,0.546366,1.5960617065429688,Success,377/500,1282,21308,x25519_mlkem512,dilithium5,14953
340,0.378015,1.255662,1.274582,1.2259776592254639,Success,378/500,1282,21308,x25519_mlkem512,dilithium5,14953
44,0.045434,1.549538,1.711474,0.6944630146026611,Success,379/500,1282,21308,x25519_mlkem512,dilithium5,14953
287,0.302652,1.525113,1.645014,1.3998050689697266,Success,380/500,1282,21302,x25519_mlkem512,dilithium5,14953
151,0.024533,1.221582,1.299831,1.5032413005828857,Success,381/500,1282,21308,x25519_mlkem512,dilithium5,14953
234,0.053821,1.658941,1.685348,1.5288677215576172,Success,382/500,1282,21302,x25519_mlkem512,dilithium5,14953
56,0.280096,1.83084,1.845754,1.4978992938995361,Success,383/500,1282,21302,x25519_mlkem512,dilithium5,14953
357,0.102808,0.822234,0.827066,1.3309834003448486,Success,384/500,1282,21302,x25519_mlkem512,dilithium5,14953
386,0.008649,0.536692,0.54075,1.4654269218444824,Success,385/500,1282,21308,x25519_mlkem512,dilithium5,14953
390,0.005404,0.539579,0.546112,1.1884372234344482,Success,386/500,1282,21302,x25519_mlkem512,dilithium5,14953
384,0.0034,0.5369,0.541565,0.5489175319671631,Success,387/500,1282,21308,x25519_mlkem512,dilithium5,14953
393,0.003428,0.534535,0.542243,0.19385600090026855,Success,388/500,1282,21302,x25519_mlkem512,dilithium5,14953
389,0.003153,0.535419,0.543865,1.1779403686523438,Success,389/500,1282,21302,x25519_mlkem512,dilithium5,14953
373,0.003354,0.592819,0.59812,2.615870237350464,Success,390/500,1282,21308,x25519_mlkem512,dilithium5,14953
395,0.003953,0.025394,0.030134,0.4058668613433838,Success,391/500,1282,21302,x25519_mlkem512,dilithium5,14953
392,0.003414,0.541571,0.557205,0.660144567489624,Success,392/500,1282,21308,x25519_mlkem512,dilithium5,14953
230,0.259975,1.239005,1.399936,1.5272634029388428,Success,393/500,1282,21308,x25519_mlkem512,dilithium5,14953
388,0.003066,0.528024,0.539385,1.2654876708984375,Success,394/500,1282,21308,x25519_mlkem512,dilithium5,14953
397,0.003714,0.535555,0.546452,0.2291855812072754,Success,395/500,1282,21308,x25519_mlkem512,dilithium5,14953
419,0.076681,0.165738,0.174409,0.22535252571105957,Success,396/500,1282,21302,x25519_mlkem512,dilithium5,14953
396,0.003799,0.536749,0.547807,0.35259056091308594,Success,397/500,1282,21308,x25519_mlkem512,dilithium5,14953
429,0.050686,0.167177,0.192873,0.10487246513366699,Success,398/500,1282,21302,x25519_mlkem512,dilithium5,14953
495,0.048847,0.217774,0.228366,0.1373608112335205,Success,399/500,1282,21302,x25519_mlkem512,dilithium5,14953
394,0.003228,0.539766,0.56486,0.5777385234832764,Success,400/500,1282,21308,x25519_mlkem512,dilithium5,14953
400,0.004893,0.555495,0.566327,0.06300091743469238,Success,401/500,1282,21308,x25519_mlkem512,dilithium5,14953
488,0.015819,0.108755,0.121523,0.1833360195159912,Success,402/500,1282,21308,x25519_mlkem512,dilithium5,14953
398,0.003566,0.532325,0.54782,0.331585168838501,Success,403/500,1282,21308,x25519_mlkem512,dilithium5,14953
401,0.003296,0.527588,0.53274,0.06034278869628906,Success,404/500,1282,21308,x25519_mlkem512,dilithium5,14953
399,0.003029,0.521914,0.526089,0.13405728340148926,Success,405/500,1282,21308,x25519_mlkem512,dilithium5,14953
402,0.008296,0.5447,0.55286,0.02972888946533203,Success,406/500,1282,21308,x25519_mlkem512,dilithium5,14953
404,0.003555,0.537349,0.542181,0.03930234909057617,Success,407/500,1282,21308,x25519_mlkem512,dilithium5,14953
406,0.005148,0.540854,0.551395,0.02024054527282715,Success,408/500,1282,21308,x25519_mlkem512,dilithium5,14953
407,0.006807,0.550487,0.561292,0.02863168716430664,Success,409/500,1282,21308,x25519_mlkem512,dilithium5,14953
408,0.017345,0.561615,0.572397,0.0437474250793457,Success,410/500,1282,21308,x25519_mlkem512,dilithium5,14953
403,0.006284,0.55001,0.564041,0.05350923538208008,Success,411/500,1282,21308,x25519_mlkem512,dilithium5,14953
409,0.009852,0.542771,0.553307,0.020061492919921875,Success,412/500,1282,21308,x25519_mlkem512,dilithium5,14953
410,0.012109,0.544864,0.550049,0.02158379554748535,Success,413/500,1282,21308,x25519_mlkem512,dilithium5,14953
413,0.010252,0.534802,0.539164,0.10448956489562988,Success,414/500,1282,21308,x25519_mlkem512,dilithium5,14953
417,0.006862,0.548488,0.553339,0.21538805961608887,Success,415/500,1282,21308,x25519_mlkem512,dilithium5,14953
412,0.011142,0.631176,0.646456,0.011961936950683594,Success,416/500,1282,21308,x25519_mlkem512,dilithium5,14953
422,0.07447,0.622218,0.631209,0.10544657707214355,Success,417/500,1282,21308,x25519_mlkem512,dilithium5,14953
418,0.014423,0.582875,0.587154,0.21598029136657715,Success,418/500,1282,21308,x25519_mlkem512,dilithium5,14953
454,0.004998,0.543444,0.548553,0.22891736030578613,Success,419/500,1282,21308,x25519_mlkem512,dilithium5,14953
439,0.005097,0.533285,0.539366,0.22429800033569336,Success,420/500,1282,21308,x25519_mlkem512,dilithium5,14953
411,0.020878,0.569823,0.575709,0.019195079803466797,Success,421/500,1282,21308,x25519_mlkem512,dilithium5,14953
458,0.015986,0.568081,0.575521,0.22512483596801758,Success,422/500,1282,21308,x25519_mlkem512,dilithium5,14953
405,0.007051,0.708162,0.713325,0.06480741500854492,Success,423/500,1282,21308,x25519_mlkem512,dilithium5,14953
452,0.016047,0.550399,0.554512,0.19074702262878418,Success,424/500,1282,21308,x25519_mlkem512,dilithium5,14953
415,0.064558,0.640751,0.645551,0.04409599304199219,Success,425/500,1282,21308,x25519_mlkem512,dilithium5,14953
420,0.05414,0.602967,0.609736,0.10513424873352051,Success,426/500,1282,21308,x25519_mlkem512,dilithium5,14953
434,0.067561,0.597022,0.603684,0.2128138542175293,Success,427/500,1282,21302,x25519_mlkem512,dilithium5,14953
428,0.005068,0.584501,0.588895,0.10461139678955078,Success,428/500,1282,21308,x25519_mlkem512,dilithium5,14953
466,0.01643,0.56634,0.582325,0.18874478340148926,Success,429/500,1282,21308,x25519_mlkem512,dilithium5,14953
462,0.09712,0.802444,0.82058,0.2359609603881836,Success,430/500,1282,21308,x25519_mlkem512,dilithium5,14953
479,0.066216,0.636954,0.644091,0.24177980422973633,Success,431/500,1282,21302,x25519_mlkem512,dilithium5,14953
456,0.051976,0.852085,0.875448,0.22625160217285156,Success,432/500,1282,21308,x25519_mlkem512,dilithium5,14953
449,0.014764,0.813963,0.853907,0.20177483558654785,Success,433/500,1282,21308,x25519_mlkem512,dilithium5,14953
443,0.0448,0.642343,0.654155,0.21895217895507812,Success,434/500,1282,21308,x25519_mlkem512,dilithium5,14953
451,0.012758,0.808922,0.816507,0.2028350830078125,Success,435/500,1282,21308,x25519_mlkem512,dilithium5,14953
444,0.008751,0.779978,0.785412,0.2072451114654541,Success,436/500,1282,21308,x25519_mlkem512,dilithium5,14953
463,0.110377,0.681273,0.699742,0.161698579788208,Success,437/500,1282,21308,x25519_mlkem512,dilithium5,14953
423,0.037026,0.847266,0.855376,0.10444426536560059,Success,438/500,1282,21308,x25519_mlkem512,dilithium5,14953
485,0.04114,0.579904,0.585472,0.18402791023254395,Success,439/500,1282,21308,x25519_mlkem512,dilithium5,14953
470,0.018663,0.72846,0.751797,0.14098644256591797,Success,440/500,1282,21302,x25519_mlkem512,dilithium5,14953
427,0.009728,0.69678,0.822447,0.224442720413208,Success,441/500,1282,21308,x25519_mlkem512,dilithium5,14953
469,0.131453,0.695657,0.91169,0.1411581039428711,Success,442/500,1282,21302,x25519_mlkem512,dilithium5,14953
455,0.038882,0.835575,0.870451,0.18629908561706543,Success,443/500,1282,21308,x25519_mlkem512,dilithium5,14953
461,0.120249,0.783067,0.846184,0.27967262268066406,Success,444/500,1282,21308,x25519_mlkem512,dilithium5,14953
465,0.017781,0.75361,0.76974,0.16300201416015625,Success,445/500,1282,21308,x25519_mlkem512,dilithium5,14953
426,0.10506,0.690189,0.827422,0.10570716857910156,Success,446/500,1282,21308,x25519_mlkem512,dilithium5,14953
431,0.056647,0.748829,0.846582,0.10436558723449707,Success,447/500,1282,21302,x25519_mlkem512,dilithium5,14953
425,0.032823,0.735724,0.770335,0.21369647979736328,Success,448/500,1282,21308,x25519_mlkem512,dilithium5,14953
494,0.039276,0.628322,0.761487,0.13893795013427734,Success,449/500,1282,21308,x25519_mlkem512,dilithium5,14953
448,0.051189,0.967041,0.974127,0.20204591751098633,Success,450/500,1282,21302,x25519_mlkem512,dilithium5,14953
497,0.013403,0.596977,0.612989,0.1407926082611084,Success,451/500,1282,21302,x25519_mlkem512,dilithium5,14953
467,0.012398,0.599221,0.615369,0.1897573471069336,Success,452/500,1282,21308,x25519_mlkem512,dilithium5,14953
453,0.03058,0.790736,0.810357,0.22958016395568848,Success,453/500,1282,21302,x25519_mlkem512,dilithium5,14953
432,0.214443,0.846618,0.964043,0.10402369499206543,Success,454/500,1282,21308,x25519_mlkem512,dilithium5,14953
478,0.040241,0.648011,0.756229,0.18836474418640137,Success,455/500,1282,21302,x25519_mlkem512,dilithium5,14953
484,0.004962,0.763835,0.795333,0.1843092441558838,Success,456/500,1282,21308,x25519_mlkem512,dilithium5,14953
491,0.01978,0.611981,0.619254,0.13901138305664062,Success,457/500,1282,21308,x25519_mlkem512,dilithium5,14953
450,0.011832,0.658425,0.766306,0.2027139663696289,Success,458/500,1282,21308,x25519_mlkem512,dilithium5,14953
477,0.013616,0.559647,0.706689,0.1450045108795166,Success,459/500,1282,21308,x25519_mlkem512,dilithium5,14953
471,0.006515,0.810003,0.823212,0.18362069129943848,Success,460/500,1282,21308,x25519_mlkem512,dilithium5,14953
436,0.010102,0.773214,0.793264,0.22452664375305176,Success,461/500,1282,21308,x25519_mlkem512,dilithium5,14953
440,0.007722,0.776569,0.798547,0.21094274520874023,Success,462/500,1282,21308,x25519_mlkem512,dilithium5,14953
460,0.017525,0.751409,0.829623,0.22022366523742676,Success,463/500,1282,21308,x25519_mlkem512,dilithium5,14953
487,0.018083,0.565994,0.674212,0.14347386360168457,Success,464/500,1282,21308,x25519_mlkem512,dilithium5,14953
496,0.094678,0.836253,0.866055,0.1411302089691162,Success,465/500,1282,21308,x25519_mlkem512,dilithium5,14953
430,0.069179,0.712841,0.716548,0.10419440269470215,Success,466/500,1282,21308,x25519_mlkem512,dilithium5,14953
500,0.010575,0.637878,0.648198,0.14006257057189941,Success,467/500,1282,21308,x25519_mlkem512,dilithium5,14953
493,0.012235,0.625034,0.717272,0.14275527000427246,Success,468/500,1282,21308,x25519_mlkem512,dilithium5,14953
486,0.049398,0.800755,0.810006,0.18364930152893066,Success,469/500,1282,21308,x25519_mlkem512,dilithium5,14953
437,0.05426,0.8846,0.9266,0.22442221641540527,Success,470/500,1282,21308,x25519_mlkem512,dilithium5,14953
447,0.023393,0.82249,0.866292,0.20760822296142578,Success,471/500,1282,21308,x25519_mlkem512,dilithium5,14953
446,0.030699,0.802802,0.882201,0.20784878730773926,Success,472/500,1282,21308,x25519_mlkem512,dilithium5,14953
464,0.018861,0.653715,0.761424,0.16176795959472656,Success,473/500,1282,21308,x25519_mlkem512,dilithium5,14953
483,0.022547,0.587794,0.670674,0.24947619438171387,Success,474/500,1282,21308,x25519_mlkem512,dilithium5,14953
421,0.097527,0.718428,0.734896,0.2119770050048828,Success,475/500,1282,21308,x25519_mlkem512,dilithium5,14953
435,0.020584,0.792405,0.874954,0.21239829063415527,Success,476/500,1282,21308,x25519_mlkem512,dilithium5,14953
459,0.02477,0.720669,0.76058,0.2215113639831543,Success,477/500,1282,21308,x25519_mlkem512,dilithium5,14953
414,0.009789,0.815619,0.922688,0.10458707809448242,Success,478/500,1282,21308,x25519_mlkem512,dilithium5,14953
438,0.00964,0.682826,0.733271,0.222550630569458,Success,479/500,1282,21308,x25519_mlkem512,dilithium5,14953
482,0.006985,0.682718,0.771659,0.18982839584350586,Success,480/500,1282,21308,x25519_mlkem512,dilithium5,14953
481,0.015468,0.6566,0.695822,0.2509183883666992,Success,481/500,1282,21308,x25519_mlkem512,dilithium5,14953
499,0.040772,0.637257,0.747979,0.13628602027893066,Success,482/500,1282,21308,x25519_mlkem512,dilithium5,14953
472,0.004872,0.836004,0.86401,0.18469834327697754,Success,483/500,1282,21308,x25519_mlkem512,dilithium5,14953
480,0.02484,0.753668,0.768813,0.13616085052490234,Success,484/500,1282,21308,x25519_mlkem512,dilithium5,14953
457,0.04452,0.807172,0.878724,0.22581958770751953,Success,485/500,1282,21308,x25519_mlkem512,dilithium5,14953
468,0.053954,0.634867,0.773581,0.18343710899353027,Success,486/500,1282,21308,x25519_mlkem512,dilithium5,14953
441,0.042623,0.760229,0.879435,0.21069979667663574,Success,487/500,1282,21308,x25519_mlkem512,dilithium5,14953
489,0.01422,0.572473,0.660462,0.18288421630859375,Success,488/500,1282,21308,x25519_mlkem512,dilithium5,14953
498,0.112717,0.860441,0.872141,0.1394798755645752,Success,489/500,1282,21308,x25519_mlkem512,dilithium5,14953
433,0.04125,0.895412,0.900679,0.209824800491333,Success,490/500,1282,21308,x25519_mlkem512,dilithium5,14953
445,0.011495,0.739124,0.832059,0.20723295211791992,Success,491/500,1282,21308,x25519_mlkem512,dilithium5,14953
490,0.096799,0.670769,0.678733,0.24359631538391113,Success,492/500,1282,21308,x25519_mlkem512,dilithium5,14953
424,0.017753,0.665481,0.908969,0.10480833053588867,Success,493/500,1282,21302,x25519_mlkem512,dilithium5,14953
492,0.104709,0.775484,0.812527,0.1389775276184082,Success,494/500,1282,21308,x25519_mlkem512,dilithium5,14953
474,0.053441,0.820611,0.825678,0.18472838401794434,Success,495/500,1282,21308,x25519_mlkem512,dilithium5,14953
416,0.006332,0.884186,0.916564,0.21406793594360352,Success,496/500,1282,21308,x25519_mlkem512,dilithium5,14953
476,0.061004,0.778319,0.791575,0.1883711814880371,Success,497/500,1282,21308,x25519_mlkem512,dilithium5,14953
475,0.124191,0.79571,0.815744,0.14301586151123047,Success,498/500,1282,21308,x25519_mlkem512,dilithium5,14953
473,0.11802,0.724676,0.735784,0.24280428886413574,Success,499/500,1282,21308,x25519_mlkem512,dilithium5,14953
442,0.040661,0.660179,0.844153,0.21090483665466309,Success,500/500,1282,21308,x25519_mlkem512,dilithium5,14953
